date,open,high,low,close,volume
2021-07-05,8.45,8.45,8.45,8.45,4281729
2021-07-06,8.5,8.7,8.05,8.05,272409098
2021-07-07,7.65,7.8,7.65,7.65,31904180
2021-07-08,7.55,8.05,7.55,7.85,127485313
2021-07-09,7.9,8.05,7.6,7.8,54774927
2021-07-12,7.9,7.95,7.55,7.6,44048912
2021-07-13,7.65,7.7,7.25,7.35,47297613
2021-07-14,7.3,7.55,7.15,7.25,52084242
2021-07-15,7.3,7.6,7.2,7.55,94861559
2021-07-16,7.45,7.5,7.25,7.3,30459807
2021-07-19,7.15,7.3,7.0,7.05,45517767
2021-07-20,7.1,7.15,6.75,6.8,37887439
2021-07-22,6.8,7.0,6.8,7.0,26479181
2021-07-23,7.0,7.0,6.65,6.75,29521587
2021-07-26,6.8,7.0,6.6,6.7,37078983
2021-07-27,6.75,6.8,6.4,6.4,86459337
2021-07-28,6.2,6.25,6.1,6.1,73537075
2021-07-29,5.95,6.0,5.85,5.85,62083513
2021-07-30,5.65,6.0,5.55,5.8,208602526
2021-08-02,5.8,6.05,5.75,6.05,58972992
2021-08-03,6.2,6.35,6.15,6.35,35112729
2021-08-04,6.6,6.6,6.05,6.2,174611283
2021-08-05,6.3,6.45,5.9,6.4,78699172
2021-08-06,6.45,6.45,6.15,6.25,42847835
2021-08-09,6.45,6.45,6.05,6.1,23145079
2021-08-10,6.15,6.2,5.85,5.9,28290698
2021-08-11,5.9,5.95,5.65,5.75,45478919
2021-08-12,5.8,6.0,5.75,6.0,30394388
2021-08-13,6.1,6.1,5.8,5.95,32698833
2021-08-16,6.2,6.25,6.05,6.1,45779821
2021-08-17,5.95,6.0,5.85,5.85,31193389
2021-08-18,5.85,5.9,5.55,5.55,64352565
2021-08-20,5.3,5.55,5.3,5.35,39830596
2021-08-23,5.35,5.55,5.25,5.4,41314632
2021-08-24,5.4,5.65,5.3,5.5,45216388
2021-08-25,5.6,5.75,5.45,5.6,31701691
2021-08-26,5.6,5.65,5.45,5.5,17221844
2021-08-27,5.5,5.6,5.35,5.5,18838699
2021-08-30,5.5,5.8,5.5,5.7,50848448
2021-08-31,5.7,5.75,5.45,5.55,27335343
2021-09-01,5.6,5.7,5.45,5.55,19130416
2021-09-02,5.5,5.85,5.5,5.75,73599747
2021-09-03,5.8,5.8,5.55,5.65,25627234
2021-09-06,5.6,5.75,5.55,5.6,14543562
2021-09-07,5.65,5.65,5.45,5.55,23805696
2021-09-08,5.6,5.7,5.55,5.6,20166486
2021-09-09,5.55,5.9,5.55,5.75,40506821
2021-09-13,5.75,5.9,5.6,5.75,25326781
2021-09-14,5.8,6.0,5.75,5.95,45673981
2021-09-15,6.0,6.2,5.95,6.0,34450387
2021-09-16,6.05,6.1,5.9,5.95,22599320
2021-09-17,6.0,6.1,5.8,5.9,53231091
2021-09-20,5.9,6.2,5.8,5.95,61052864
2021-09-21,5.95,6.05,5.75,5.9,24699144
2021-09-22,5.9,6.0,5.9,5.9,14851461
2021-09-23,5.95,6.0,5.85,5.85,16661985
2021-09-24,5.9,5.9,5.8,5.8,17168846
2021-09-27,5.85,5.9,5.75,5.8,14656010
2021-09-28,5.8,5.85,5.6,5.7,26870696
2021-09-29,5.7,5.95,5.6,5.9,51139380
2021-09-30,6.0,6.15,5.9,5.9,30088488
2021-10-01,5.9,6.1,5.8,5.95,25044585
2021-10-04,6.0,6.25,5.95,6.25,46183836
2021-10-05,6.5,6.5,6.4,6.5,34489299
2021-10-06,6.85,6.85,6.25,6.3,170326307
2021-10-07,6.35,6.55,6.3,6.5,61190376
2021-10-08,6.6,6.75,6.55,6.7,45120400
2021-10-11,6.85,7.0,6.85,7.0,94647301
2021-10-12,7.25,7.3,6.7,6.75,117932308
2021-10-13,6.8,6.9,6.45,6.5,52144879
2021-10-14,6.55,6.65,6.45,6.45,47691102
2021-10-18,6.55,6.8,6.5,6.8,72025554
2021-10-19,7.0,7.0,6.5,6.55,43689583
2021-10-20,6.55,6.6,6.3,6.45,28752262
2021-10-21,6.5,6.65,6.45,6.5,22421373
2021-10-22,6.6,6.65,6.45,6.45,18048809
2021-10-25,6.5,6.55,6.15,6.35,22141653
2021-10-26,6.4,6.55,6.35,6.45,18074253
2021-10-27,6.5,6.5,6.4,6.4,11519622
2021-10-28,6.45,6.45,6.15,6.2,24709501
2021-10-29,6.25,6.3,6.0,6.2,18822394
2021-11-01,6.35,6.45,6.3,6.45,16995985
2021-11-02,6.45,6.55,6.35,6.45,20200347
2021-11-03,6.45,6.55,6.4,6.4,12999379
2021-11-04,6.45,6.55,6.45,6.5,8519926
2021-11-08,6.55,6.8,6.5,6.6,29186638
2021-11-09,6.65,6.65,6.45,6.5,17805130
2021-11-10,6.5,6.5,6.4,6.45,19669186
2021-11-11,6.45,6.5,6.45,6.5,15289039
2021-11-12,6.5,6.7,6.45,6.5,31403531
2021-11-15,6.6,6.6,6.35,6.4,23019383
2021-11-16,6.45,6.65,6.35,6.45,65609847
2021-11-17,6.4,6.45,6.4,6.4,22433924
2021-11-18,6.45,6.55,6.25,6.35,28035932
2021-11-22,6.45,6.45,6.25,6.3,26141156
2021-11-23,6.3,6.4,6.2,6.35,20164854
2021-11-24,6.4,6.5,6.3,6.4,30740486
2021-11-25,6.45,6.5,6.4,6.45,22382639
2021-11-26,6.45,6.45,6.25,6.3,29987395
2021-11-29,6.3,6.35,6.0,6.05,26310252
2021-11-30,6.1,6.35,6.05,6.3,119850222
2021-12-01,6.45,6.55,6.35,6.55,46093547
2021-12-02,6.8,6.8,6.45,6.45,60070531
2021-12-03,6.45,6.5,6.4,6.45,18691565
2021-12-06,6.45,6.6,6.4,6.45,46211264
2021-12-07,6.45,6.55,6.45,6.45,30752823
2021-12-08,6.45,6.75,6.45,6.55,54215976
2021-12-09,6.6,6.9,6.5,6.9,111953675
2021-12-10,7.05,7.2,7.0,7.2,129679445
2021-12-13,7.25,7.35,6.9,6.9,83981489
2021-12-14,6.85,6.95,6.6,6.7,55297887
2021-12-15,6.65,6.85,6.6,6.7,39333012
2021-12-16,6.7,6.75,6.4,6.45,93592977
2021-12-17,6.5,6.5,6.15,6.25,51963964
2021-12-20,6.25,6.5,6.05,6.5,54635386
2021-12-21,6.7,6.85,6.7,6.85,40594998
2021-12-22,7.15,7.15,7.15,7.15,8453531
2021-12-23,7.5,7.5,7.05,7.1,155534786
2021-12-24,7.2,7.45,6.85,7.45,83524749
2021-12-27,7.7,7.8,7.6,7.8,30261163
2021-12-28,8.15,8.15,8.15,8.15,5379694
2021-12-29,8.55,8.55,8.1,8.55,258718538
2021-12-30,8.85,8.95,8.75,8.95,71452554
2021-12-31,9.25,9.35,9.1,9.35,49349000
2022-01-03,9.8,9.8,9.65,9.8,41196415
2022-01-04,10.0,10.3,9.35,9.35,311094536
2022-01-05,9.1,9.15,8.9,8.9,54050719
2022-01-06,8.65,9.3,8.55,9.3,130312980
2022-01-07,9.8,9.8,9.6,9.8,121793169
2022-01-10,10.25,10.25,10.25,10.25,9609524
2022-01-11,10.75,10.75,9.9,10.75,277445048
2022-01-12,11.0,11.25,10.4,11.25,391626949
2022-01-13,11.25,11.25,10.7,10.7,266515427
2022-01-14,10.55,11.2,10.35,11.2,150334604
2022-01-17,11.45,11.75,11.4,11.75,53628860
2022-01-18,11.75,12.05,11.2,11.2,185528899
2022-01-19,10.9,10.95,10.65,10.65,121663525
2022-01-20,10.5,11.15,10.45,11.15,119197879
2022-01-21,11.3,11.55,10.6,10.7,136301846
2022-01-24,10.8,11.1,10.2,10.2,83699335
2022-01-25,9.8,10.25,9.7,10.1,159617016
2022-01-27,9.95,10.6,9.8,10.6,100137790
2022-01-28,10.95,11.05,10.4,10.45,93823260
2022-01-31,10.95,10.95,10.95,10.95,17497600
2022-02-01,11.5,11.5,10.6,11.3,251679690
2022-02-02,11.5,11.5,10.85,10.95,73232788
2022-02-03,10.8,11.15,10.55,10.85,57559872
2022-02-04,10.9,10.95,10.6,10.65,39381065
2022-02-07,10.7,10.85,10.15,10.2,90308091
2022-02-08,10.2,10.25,9.7,9.7,131369050
2022-02-09,9.75,9.95,9.3,9.75,84351615
2022-02-10,9.8,10.1,9.45,9.7,88127485
2022-02-11,9.6,9.8,9.45,9.5,39577212
2022-02-14,9.1,9.25,9.05,9.05,71226377
2022-02-15,8.8,9.0,8.65,8.9,132689141
2022-02-16,9.0,9.3,9.0,9.3,64171205
2022-02-17,9.6,9.8,9.55,9.8,43878699
2022-02-18,10.0,10.0,9.3,9.3,52984569
2022-02-21,8.95,9.15,8.85,8.85,105586088
2022-02-22,8.45,8.55,8.45,8.45,58402373
2022-02-23,8.35,8.85,8.35,8.7,70749229
2022-02-24,8.3,8.35,8.3,8.3,26215306
2022-02-25,8.15,8.55,8.15,8.25,59690001
2022-02-28,8.45,8.7,7.95,8.65,78301723
2022-03-02,8.55,9.05,8.4,8.95,63563239
2022-03-03,9.2,9.3,8.95,9.1,62947718
2022-03-04,9.15,9.5,9.05,9.3,61600842
2022-03-07,9.0,9.05,8.85,8.85,49875139
2022-03-08,8.75,9.15,8.65,8.9,44602536
2022-03-09,9.0,9.25,8.95,9.15,42459616
2022-03-10,9.25,9.35,9.1,9.25,23126625
2022-03-11,9.25,9.45,9.1,9.15,26920365
2022-03-14,9.2,9.25,8.95,8.95,19289370
2022-03-15,9.05,9.35,8.85,9.0,44760228
2022-03-16,9.25,9.3,9.1,9.2,21444706
2022-03-17,9.25,9.3,8.75,8.95,45310735
2022-03-21,9.05,9.05,8.7,8.8,24043806
2022-03-22,8.85,8.9,8.7,8.7,16878531
2022-03-23,8.8,8.85,8.65,8.7,14010024
2022-03-24,8.65,8.75,8.5,8.55,30744338
2022-03-25,8.6,8.9,8.55,8.6,29769191
2022-03-28,8.6,8.65,8.3,8.35,24602601
2022-03-29,8.35,8.75,8.2,8.5,62030889
2022-03-30,8.6,8.85,8.55,8.6,34509239
2022-03-31,8.65,8.7,8.35,8.4,21918094
2022-04-01,8.45,8.8,8.4,8.7,24948590
2022-04-04,8.9,9.1,8.85,9.1,31758971
2022-04-05,9.5,9.5,9.5,9.5,7341853
2022-04-06,9.95,9.95,9.95,9.95,6026941
2022-04-07,10.4,10.95,9.95,10.8,248907585
2022-04-08,11.3,11.35,10.8,10.95,90252490
2022-04-11,11.05,11.2,10.05,10.2,99573766
2022-04-12,10.1,10.65,9.8,10.4,97085566
2022-04-13,10.65,10.75,10.2,10.3,41222835
2022-04-18,10.2,10.55,9.9,10.1,55239341
2022-04-19,10.25,10.7,9.55,9.8,69019058
2022-04-20,9.75,10.2,9.7,9.85,28715808
2022-04-21,10.1,10.35,10.0,10.2,45235675
2022-04-22,10.1,10.5,10.05,10.1,77790595
2022-04-25,10.0,10.15,9.7,9.8,52529473
2022-04-26,9.95,10.0,9.75,9.8,28614498
2022-04-27,9.7,9.8,9.25,9.45,43741271
2022-04-28,9.6,9.6,9.05,9.25,35656818
2022-04-29,9.25,9.65,9.15,9.2,49137494
2022-05-02,8.95,9.3,8.9,9.2,20799448
2022-05-04,9.25,9.5,8.8,9.0,42537011
2022-05-05,9.05,9.2,8.85,8.95,21717500
2022-05-06,8.8,9.15,8.6,8.95,33139769
2022-05-09,9.05,9.15,8.75,8.9,26148614
2022-05-10,8.8,9.1,8.7,8.7,29450568
2022-05-11,8.8,8.9,8.3,8.45,39505746
2022-05-12,8.35,8.35,7.85,7.9,38404833
2022-05-13,8.05,8.45,8.0,8.1,39423245
2022-05-16,8.25,8.35,8.1,8.2,25010492
2022-05-17,8.3,8.9,8.25,8.7,59054733
2022-05-18,8.8,8.85,8.5,8.6,39928263
2022-05-19,8.3,8.4,8.15,8.15,29699716
2022-05-20,8.4,8.5,8.25,8.4,22691301
2022-05-23,8.5,8.55,8.25,8.3,22144567
2022-05-24,8.3,8.55,8.2,8.3,24582632
2022-05-25,8.4,8.45,7.95,8.0,39090739
2022-05-26,7.4,7.55,7.2,7.2,98937792
2022-05-27,7.2,7.3,6.95,7.05,50417647
2022-05-30,7.15,7.75,7.1,7.3,62629276
2022-05-31,7.4,8.0,6.8,7.85,149684317
2022-06-01,8.15,8.65,8.05,8.65,86673027
2022-06-02,8.6,9.4,8.55,9.0,145174477
2022-06-03,9.1,9.15,8.25,8.35,64909515
2022-06-06,8.25,8.4,7.55,7.6,117612609
2022-06-07,7.3,7.6,7.3,7.45,53824543
2022-06-08,7.4,7.65,7.3,7.5,52179603
2022-06-09,7.45,8.2,7.45,8.15,81416975
2022-06-10,7.95,8.15,7.65,7.9,49864200
2022-06-13,7.65,7.65,7.35,7.5,32245101
2022-06-14,7.45,7.8,7.4,7.6,23850553
2022-06-15,7.7,7.75,7.4,7.45,37014535
2022-06-16,7.65,7.65,7.05,7.1,46198820
2022-06-17,7.0,7.35,6.95,7.05,50798638
2022-06-20,7.15,7.25,6.45,6.5,65620328
2022-06-21,6.65,7.0,6.6,6.85,50213510
2022-06-22,6.8,6.8,6.45,6.55,56647243
2022-06-23,6.6,6.8,6.5,6.6,40258884
2022-06-24,6.75,6.8,6.5,6.6,46409469
2022-06-27,6.8,6.8,6.55,6.55,36532515
2022-06-28,6.55,6.7,6.45,6.45,40481723
2022-06-29,6.4,6.55,6.35,6.4,30345340
2022-06-30,6.45,6.5,6.25,6.3,37691160
2022-07-01,6.2,6.4,6.15,6.2,39373009
2022-07-04,6.25,6.35,6.05,6.1,33633860
2022-07-05,6.15,6.35,6.05,6.1,50660398
2022-07-06,6.15,6.2,6.0,6.05,46884344
2022-07-07,6.15,6.2,6.0,6.05,37764404
2022-07-08,6.15,6.3,6.0,6.1,54532271
2022-07-11,6.1,6.25,6.1,6.15,41340051
2022-07-12,6.15,6.35,6.1,6.2,52055034
2022-07-13,6.3,6.35,5.9,5.9,73731668
2022-07-14,5.95,6.0,5.65,5.85,72045083
2022-07-15,5.85,5.95,5.7,5.85,49928728
2022-07-18,5.9,5.9,5.75,5.85,40962354
2022-07-19,5.85,6.15,5.8,6.0,82168749
2022-07-20,6.1,6.3,6.0,6.05,56812842
2022-07-21,6.1,6.25,6.0,6.1,43227990
2022-07-22,6.15,6.2,6.05,6.1,36914885
2022-07-25,6.1,6.15,5.9,5.9,43724745
2022-07-26,5.9,5.9,5.75,5.75,40634334
2022-07-27,5.75,5.85,5.7,5.7,44310527
2022-07-28,5.75,5.85,5.4,5.6,57614649
2022-07-29,5.65,6.15,5.6,6.05,71868553
2022-08-01,6.2,6.45,6.0,6.35,99634264
2022-08-02,6.35,6.75,6.2,6.65,95675560
2022-08-03,6.6,6.7,6.45,6.5,42038507
2022-08-04,6.5,6.75,6.4,6.5,67897639
2022-08-05,6.65,7.0,6.6,6.85,115823651
2022-08-08,6.95,7.1,6.9,7.05,69641948
2022-08-10,7.2,7.3,6.75,6.8,90622412
2022-08-11,7.05,7.25,7.0,7.05,77544547
2022-08-12,7.15,7.2,6.85,6.95,76959790
2022-08-16,7.0,7.05,6.95,7.05,61175661
2022-08-17,7.1,7.15,6.95,7.0,44718315
2022-08-18,7.0,7.1,6.85,7.05,48550638
2022-08-19,7.05,7.15,7.0,7.05,57307952
2022-08-22,7.1,8.0,7.0,7.9,258309527
2022-08-23,8.0,8.55,7.9,8.2,248551972
2022-08-24,8.25,8.45,7.95,8.05,144435647
2022-08-25,8.05,8.15,7.7,7.75,87133712
2022-08-26,7.85,7.95,7.45,7.55,82707899
2022-08-29,7.25,7.7,7.05,7.4,104688057
2022-08-30,7.5,7.65,7.45,7.55,58381714
2022-09-01,7.5,8.2,7.45,8.1,179147856
2022-09-02,8.2,8.45,8.05,8.1,170200575
2022-09-05,8.4,9.7,8.3,9.7,474988809
2022-09-06,10.45,10.75,8.95,9.8,725574701
2022-09-07,9.75,10.25,9.55,9.6,156209951
2022-09-08,9.8,9.9,9.2,9.3,128156249
2022-09-09,9.4,9.45,8.75,8.8,123079647
2022-09-12,8.9,9.2,8.8,9.05,77543358
2022-09-13,9.1,9.15,8.7,8.75,81187706
2022-09-14,8.5,8.7,8.35,8.4,106893781
2022-09-15,8.5,8.65,8.25,8.4,75829786
2022-09-16,8.45,8.5,8.15,8.3,86488172
2022-09-19,8.4,8.45,8.0,8.15,65411329
2022-09-20,8.1,8.15,7.9,7.95,62987214
2022-09-21,7.6,8.1,7.6,7.85,59601139
2022-09-22,7.8,9.05,7.8,8.8,354117790
2022-09-23,8.95,9.1,8.25,8.35,152366222
2022-09-26,8.2,8.2,7.5,7.85,174216485
2022-09-27,8.0,8.3,7.6,7.65,227777132
2022-09-28,7.55,7.65,7.3,7.45,133905407
2022-09-29,7.65,7.9,7.6,7.75,168618876
2022-09-30,7.8,8.15,7.75,8.0,117467047
2022-10-03,7.6,8.25,7.5,7.9,207028703
2022-10-04,8.2,8.25,7.8,7.9,100371486
2022-10-06,8.0,8.0,7.55,7.65,129179117
2022-10-07,7.75,7.85,7.6,7.65,106914627
2022-10-10,7.6,7.95,7.5,7.65,87610748
2022-10-11,7.6,7.65,7.05,7.1,144401518
2022-10-12,7.25,7.4,6.9,6.95,151580915
2022-10-13,6.95,6.95,6.6,6.8,164628722
2022-10-14,7.0,7.0,6.65,6.7,96966089
2022-10-17,6.8,7.6,6.75,7.45,249793767
2022-10-18,7.65,7.9,7.55,7.75,198163274
2022-10-19,7.85,9.3,7.8,9.25,612128665
2022-10-20,9.3,9.6,8.1,8.9,597335268
2022-10-21,8.95,9.15,8.55,8.65,93358438
2022-10-24,8.85,9.0,8.55,8.8,39087707
2022-10-25,8.8,8.8,8.35,8.4,56177096
2022-10-27,8.5,8.6,8.0,8.15,84184771
2022-10-28,8.2,8.25,8.0,8.1,36746894
2022-10-31,8.05,8.05,7.7,7.95,55869752
2022-11-01,8.05,8.6,7.95,8.2,133421528
2022-11-02,8.2,8.25,7.95,8.0,53878867
2022-11-03,8.0,8.2,7.95,8.05,30598842
2022-11-04,8.1,8.25,8.05,8.15,50647381
2022-11-07,8.2,8.45,8.05,8.15,101774826
2022-11-09,8.3,8.35,8.15,8.25,64888811
2022-11-10,8.25,8.4,8.15,8.3,53029082
2022-11-11,8.5,8.55,8.2,8.2,68794518
2022-11-14,8.3,8.35,8.2,8.25,44831594
2022-11-15,8.25,8.3,8.1,8.2,38977758
2022-11-16,8.2,8.25,8.0,8.1,58373865
2022-11-17,8.15,8.15,7.9,8.0,39721127
2022-11-18,8.05,8.15,8.0,8.1,34159447
2022-11-21,8.1,8.15,8.0,8.05,42965379
2022-11-22,8.1,8.1,7.95,8.0,27053295
2022-11-23,8.05,8.1,7.8,7.9,104163765
2022-11-24,7.95,8.0,7.85,7.9,21746462
2022-11-25,7.9,8.6,7.85,8.45,228974026
2022-11-28,8.6,9.0,8.5,8.8,202678872
2022-11-29,8.9,9.2,8.7,8.75,146846252
2022-11-30,8.8,9.35,8.75,9.25,226695872
2022-12-01,9.4,9.5,9.0,9.05,107156713
2022-12-02,9.1,9.5,8.85,9.45,179074652
2022-12-05,9.55,10.4,9.5,10.0,439811540
2022-12-06,10.05,10.5,9.95,10.2,241805841
2022-12-07,10.25,10.4,9.8,9.85,193786549
2022-12-08,9.9,10.0,9.7,9.8,96070967
2022-12-09,9.85,9.9,9.25,9.3,137661963
2022-12-12,9.3,10.35,9.25,10.25,278382339
2022-12-13,10.35,10.45,10.05,10.1,143072413
2022-12-14,10.2,11.0,10.1,10.9,336400273
2022-12-15,10.8,11.25,10.65,10.95,476242220
2022-12-16,11.0,11.2,10.4,10.75,254892146
2022-12-19,10.85,11.9,10.85,11.65,638219867
2022-12-20,11.75,12.15,11.2,11.5,425797132
2022-12-21,11.65,11.8,9.9,10.2,395402337
2022-12-22,10.4,10.65,9.55,9.95,377648968
2022-12-23,9.75,9.8,8.9,9.0,263244568
2022-12-26,9.0,10.0,9.0,9.8,270444702
2022-12-27,10.15,10.4,9.9,10.2,137402727
2022-12-28,10.2,10.35,9.9,10.05,119193235
2022-12-29,10.0,10.25,9.8,10.15,90408089
2022-12-30,10.25,11.0,10.15,10.6,251001496
2023-01-02,10.7,10.8,10.4,10.7,115707231
2023-01-03,10.75,11.0,10.6,10.75,126373567
2023-01-04,10.75,10.8,10.3,10.4,113590256
2023-01-05,10.55,10.6,10.05,10.25,142768735
2023-01-06,10.35,10.4,10.05,10.2,114171473
2023-01-09,10.35,10.55,10.2,10.2,88848012
2023-01-10,10.25,10.25,9.95,10.05,70863324
2023-01-11,10.15,10.3,10.05,10.1,58400770
2023-01-12,10.15,10.2,9.9,10.0,75308002
2023-01-13,10.0,10.1,9.85,10.05,64749356
2023-01-16,10.1,10.15,9.95,10.0,46621802
2023-01-17,10.0,10.05,9.9,10.0,46626799
2023-01-18,9.95,10.0,9.75,9.8,39381363
2023-01-19,9.8,9.8,9.6,9.65,51419762
2023-01-20,9.65,10.25,9.6,10.0,112834934
2023-01-23,10.05,10.1,9.7,9.75,54689324
2023-01-24,9.75,9.85,9.6,9.65,36745668
2023-01-25,9.65,9.75,9.4,9.5,47479501
2023-01-27,9.5,9.7,8.95,9.1,96786728
2023-01-30,9.0,9.35,8.8,8.95,94496123
2023-01-31,9.0,9.95,8.9,9.8,122433631
2023-02-01,10.1,10.2,8.9,9.2,144996475
2023-02-02,9.15,9.6,9.05,9.2,86094874
2023-02-03,9.2,9.3,8.7,9.05,103617993
2023-02-06,9.05,9.25,9.0,9.05,45864843
2023-02-07,9.05,9.15,8.9,8.95,35950091
2023-02-08,9.05,9.25,8.95,9.0,47849321
2023-02-09,9.0,9.35,8.95,9.2,72874809
2023-02-10,9.3,9.65,9.05,9.15,71596394
2023-02-13,9.2,9.25,8.95,9.05,45209836
2023-02-14,9.05,9.15,8.75,8.8,38860144
2023-02-15,8.85,9.05,8.8,9.0,40241204
2023-02-16,9.05,9.05,8.85,8.9,35573041
2023-02-17,8.9,9.15,8.85,8.9,61270881
2023-02-20,8.9,9.1,8.45,8.55,118491096
2023-02-21,8.6,8.65,8.35,8.4,39042076
2023-02-22,8.4,8.5,8.2,8.3,41332864
2023-02-23,8.3,8.35,8.05,8.15,57513590
2023-02-24,8.2,8.55,8.15,8.4,57101906
2023-02-27,8.4,8.4,8.05,8.1,47631704
2023-02-28,8.15,8.3,8.05,8.2,33919586
2023-03-01,8.25,8.6,8.2,8.4,55018196
2023-03-02,8.4,8.45,8.2,8.25,45131745
2023-03-03,8.3,8.75,8.3,8.5,96295154
2023-03-06,8.55,8.9,8.5,8.6,75423846
2023-03-08,8.55,8.7,8.45,8.6,39328106
2023-03-09,8.7,8.95,8.65,8.7,74757405
2023-03-10,8.6,8.65,8.35,8.4,51783687
2023-03-13,8.4,8.5,8.0,8.1,50754201
2023-03-14,8.15,8.2,7.7,7.95,52110143
2023-03-15,7.8,8.15,7.75,7.95,59556915
2023-03-16,8.0,8.0,7.7,7.9,56722948
2023-03-17,7.95,8.15,7.9,8.0,40883551
2023-03-20,8.0,8.0,7.7,7.75,42986085
2023-03-21,7.85,7.9,7.75,7.8,27594112
2023-03-22,7.85,7.95,7.8,7.8,22956081
2023-03-23,7.8,7.9,7.7,7.75,23864906
2023-03-24,7.75,7.8,7.5,7.55,36581412
2023-03-27,7.6,7.6,7.15,7.2,46753705
2023-03-28,7.25,7.35,6.95,7.05,55049453
2023-03-29,7.1,8.1,7.05,7.95,131787323
2023-03-31,8.05,8.25,7.85,7.9,61243637
2023-04-03,7.9,8.2,7.9,8.1,38896680
2023-04-05,8.15,8.3,8.0,8.1,34055807
2023-04-06,8.15,8.3,8.05,8.15,32437850
2023-04-10,8.2,8.2,8.0,8.05,22032132
2023-04-11,8.1,8.35,8.0,8.15,44136206
2023-04-12,8.15,8.25,8.05,8.1,37352480
2023-04-13,8.15,8.25,8.0,8.05,49318062
2023-04-17,8.0,8.2,7.95,8.15,45874702
2023-04-18,8.15,8.2,8.0,8.05,39250925
2023-04-19,8.0,8.15,7.95,8.0,36980183
2023-04-20,8.05,8.1,7.95,7.95,18933562
2023-04-21,8.0,8.05,7.95,7.95,12324483
2023-04-24,8.0,8.1,7.9,7.95,31696681
2023-04-25,7.95,8.3,7.9,8.15,82252903
2023-04-26,8.25,8.75,8.1,8.2,140422847
2023-04-27,8.2,8.25,8.1,8.2,45358977
2023-04-28,8.25,8.45,8.15,8.3,57266827
2023-05-02,8.35,8.4,7.9,8.1,91311768
2023-05-03,8.1,8.3,8.0,8.1,58132884
2023-05-04,8.2,8.7,8.2,8.6,197115631
2023-05-05,8.65,8.9,8.5,8.65,122285005
2023-05-08,8.7,8.8,8.45,8.55,70124868
2023-05-09,8.6,8.8,8.3,8.4,83194488
2023-05-10,8.4,8.45,8.2,8.35,45546501
2023-05-11,8.4,8.5,8.3,8.35,35885308
2023-05-12,8.4,8.4,8.2,8.25,32986632
2023-05-15,8.25,8.35,8.2,8.25,51475490
2023-05-16,8.25,8.35,8.2,8.2,25372907
2023-05-17,8.25,8.8,8.2,8.65,137647805
2023-05-18,8.85,9.0,8.4,8.5,133866221
2023-05-19,8.6,8.65,8.35,8.5,58371953
2023-05-22,8.6,9.6,8.5,9.25,317257961
2023-05-23,9.45,9.65,9.15,9.45,161014013
2023-05-24,9.55,10.2,9.55,10.05,277827881
2023-05-25,10.2,10.3,9.7,9.8,165323748
2023-05-26,9.8,10.15,9.45,10.0,149372185
2023-05-29,10.15,10.45,10.1,10.35,179747106
2023-05-30,10.35,10.75,10.2,10.65,294083000
2023-05-31,10.9,11.85,10.65,11.75,751320632
2023-06-01,11.85,12.0,11.05,11.15,316019955
2023-06-02,11.25,11.4,10.85,11.0,258642228
2023-06-05,11.1,11.5,11.0,11.4,272291792
2023-06-06,11.55,12.4,11.35,12.2,533178450
2023-06-07,12.55,14.6,12.5,14.45,1419985233
2023-06-08,14.2,14.2,13.2,13.35,522427881
2023-06-09,13.5,14.2,13.3,14.0,293778902
2023-06-12,14.15,15.4,14.1,15.3,461323199
2023-06-13,15.4,15.75,14.75,15.1,390548184
2023-06-14,15.25,15.35,14.15,14.4,222177502
2023-06-15,14.4,14.6,14.0,14.45,178864927
2023-06-16,14.55,15.15,14.55,14.75,282491085
2023-06-19,14.95,15.05,14.25,14.55,163607569
2023-06-20,14.65,14.7,13.65,14.25,196840707
2023-06-21,14.3,14.55,13.85,14.0,134315767
2023-06-22,14.05,14.1,13.3,13.6,150787608
2023-06-23,13.6,14.15,13.25,13.85,133077725
2023-06-26,13.95,14.25,13.65,14.0,93075149
2023-06-27,14.05,14.4,14.0,14.1,81222094
2023-06-28,14.2,15.0,14.2,14.75,204357357
2023-06-30,15.05,15.65,14.95,15.3,260744421
2023-07-03,15.75,16.8,15.75,16.8,389920926
2023-07-04,17.45,18.45,17.15,18.3,701973517
2023-07-05,17.95,18.15,17.4,17.4,264737406
2023-07-06,16.8,17.95,16.65,17.65,415023310
2023-07-07,17.55,18.3,17.45,17.85,267551084
2023-07-10,18.05,18.1,17.2,17.35,142507601
2023-07-11,17.5,18.2,17.05,17.95,369539889
2023-07-12,18.0,18.55,17.6,18.0,201949606
2023-07-13,18.15,18.35,17.45,17.55,149133001
2023-07-14,17.65,17.9,17.3,17.7,81517693
2023-07-17,18.25,18.45,18.1,18.2,129569292
2023-07-18,18.3,18.3,17.8,17.9,89012544
2023-07-19,18.0,18.1,17.8,17.85,48709437
2023-07-20,17.95,18.7,17.85,18.7,242575898
2023-07-21,19.25,19.6,19.1,19.6,86292023
2023-07-24,20.55,20.55,19.2,20.0,517944819
2023-07-25,20.25,20.8,19.0,19.0,276540698
2023-07-26,18.05,18.05,18.05,18.05,41086178
2023-07-27,17.65,18.4,17.45,17.85,250669150
2023-07-28,17.8,18.25,17.7,18.05,97658422
2023-07-31,18.2,18.95,18.05,18.95,123353716
2023-08-01,19.55,19.85,19.1,19.3,167771796
2023-08-02,19.35,19.35,18.35,18.5,229699866
2023-08-03,18.45,18.45,17.7,17.95,122802683
2023-08-04,18.0,18.8,18.0,18.4,241151653
2023-08-07,18.6,19.0,18.25,18.65,119709706
2023-08-08,18.65,18.95,18.35,18.6,107177129
2023-08-09,18.95,19.5,18.9,19.5,204669757
2023-08-10,19.95,20.45,19.9,20.45,198521194
2023-08-11,20.75,21.25,19.8,20.2,193133275
2023-08-14,19.55,20.2,19.3,20.05,110526997
2023-08-16,20.05,20.5,20.05,20.25,66006572
2023-08-17,19.85,20.0,19.4,19.7,130822363
2023-08-18,19.8,20.05,19.5,19.8,70016385
2023-08-21,20.1,20.15,19.8,19.9,71793107
2023-08-22,19.95,20.85,19.95,20.85,189624524
2023-08-23,21.0,21.85,21.0,21.85,204874807
2023-08-24,22.75,22.85,21.25,21.5,269657749
2023-08-25,21.65,22.55,21.55,22.4,166449370
2023-08-28,23.4,23.5,23.25,23.5,192627964
2023-08-29,24.0,24.65,23.95,24.65,203593052
2023-08-30,25.85,25.85,25.35,25.85,88452282
2023-08-31,26.5,27.05,24.55,24.55,413958502
2023-09-01,24.55,25.75,23.95,25.0,209113483
2023-09-04,25.45,25.7,23.85,24.1,189499859
2023-09-05,24.6,24.9,23.5,23.6,131411045
2023-09-06,23.8,24.4,23.4,23.8,107987698
2023-09-07,24.1,24.95,23.55,24.1,170673034
2023-09-08,24.2,24.3,23.65,24.05,87741294
2023-09-11,24.3,24.4,23.75,24.0,93344063
2023-09-12,24.15,24.2,22.8,22.8,146034046
2023-09-13,22.2,22.5,21.7,22.15,236321372
2023-09-14,22.35,23.25,21.75,23.25,178268509
2023-09-15,23.6,24.4,23.15,24.2,225766744
2023-09-18,24.7,25.1,24.5,24.75,142270040
2023-09-20,24.95,25.95,24.5,25.85,166418138
2023-09-21,25.85,26.25,25.15,25.5,166438893
2023-09-22,25.65,25.85,24.5,25.05,95275738
2023-09-25,25.75,26.05,25.1,25.5,71458712
2023-09-26,25.6,26.1,24.95,26.0,110565689
2023-09-27,25.1,25.9,25.05,25.65,94771055
2023-09-28,25.7,26.4,25.45,25.65,75375280
2023-09-29,25.85,26.2,25.55,25.8,76660245
2023-10-03,25.95,27.05,25.75,26.95,215807142
2023-10-04,27.35,28.25,27.1,28.1,346015638
2023-10-05,28.6,29.5,28.55,29.5,285672016
2023-10-06,28.85,29.8,28.4,29.1,273969163
2023-10-09,28.2,28.35,27.65,27.65,151080200
2023-10-10,26.5,27.4,26.3,26.35,80186599
2023-10-11,26.5,27.65,26.45,27.65,45365872
2023-10-12,28.25,28.6,27.05,27.15,70399620
2023-10-13,27.2,27.45,26.6,26.8,39585232
2023-10-16,27.6,28.1,27.05,28.1,73809145
2023-10-17,28.9,29.5,28.65,29.5,111721555
2023-10-18,30.25,30.95,29.8,30.95,131127521
2023-10-19,31.0,32.1,30.0,31.6,135200931
2023-10-20,31.45,33.15,31.0,32.5,373269936
2023-10-23,33.25,34.1,31.4,31.8,130338329
2023-10-25,32.1,33.1,30.3,31.9,98053560
2023-10-26,31.25,31.95,30.3,31.4,99436973
2023-10-27,32.0,32.9,31.95,32.1,80529369
2023-10-30,32.7,32.8,31.25,31.55,42405596
2023-10-31,32.0,32.0,30.0,30.6,49276497
2023-11-01,30.7,31.6,30.6,31.3,39955174
2023-11-02,31.9,32.85,31.35,32.65,52429624
2023-11-03,33.2,34.25,33.0,34.25,76623253
2023-11-06,35.95,35.95,35.95,35.95,15536896
2023-11-07,37.0,37.4,35.0,37.35,145813507
2023-11-08,37.8,39.2,36.8,37.4,113882054
2023-11-09,38.0,38.45,37.0,37.3,49396345
2023-11-10,37.5,38.25,37.1,37.9,45379797
2023-11-12,38.5,38.75,38.1,38.4,20780763
2023-11-13,38.6,39.25,37.8,38.65,45335763
2023-11-15,39.95,40.55,39.55,40.5,143082003
2023-11-16,40.5,42.5,40.5,42.1,115717878
2023-11-17,42.9,44.0,40.3,42.3,161956692
2023-11-20,42.5,43.0,40.2,41.35,130271353
2023-11-21,41.5,41.5,39.3,39.3,111694707
2023-11-22,37.75,38.5,37.35,37.35,42657149
2023-11-23,35.5,39.2,35.5,39.2,102656993
2023-11-24,40.0,41.15,39.45,40.6,117045798
2023-11-28,41.35,41.7,38.7,38.95,116147704
2023-11-29,39.45,40.3,37.6,39.6,98361673
2023-11-30,40.35,41.0,38.1,40.75,811525884
2023-12-01,40.0,40.4,39.0,39.4,63576805
2023-12-04,41.0,41.0,39.7,40.1,40525430
2023-12-05,40.5,40.5,38.85,39.65,52174216
2023-12-06,39.5,39.5,38.4,38.95,49075379
2023-12-07,38.95,40.0,38.0,39.05,51193825
2023-12-08,39.6,39.6,38.0,38.75,35448583
2023-12-11,38.85,39.5,38.0,39.2,59585051
2023-12-12,39.5,39.5,38.4,38.5,33308747
2023-12-13,38.6,38.75,37.5,38.2,38010747
2023-12-14,38.2,38.6,37.1,37.35,58576341
2023-12-15,37.3,39.2,36.0,38.55,135917707
2023-12-18,38.75,38.75,37.5,37.85,34128022
2023-12-19,37.85,37.9,36.8,37.5,46279926
2023-12-20,37.9,38.15,35.65,35.65,60110787
2023-12-21,34.3,37.25,33.9,37.1,68214659
2023-12-22,37.5,38.0,36.5,37.25,27363287
2023-12-26,37.25,37.65,36.55,36.9,24483621
2023-12-27,37.3,37.3,36.2,37.05,29736305
2023-12-28,37.2,38.5,37.1,38.15,49428774
2023-12-29,38.55,38.7,38.0,38.2,28153967
2024-01-01,38.5,38.6,38.0,38.5,35078873
2024-01-02,38.7,38.8,37.1,38.25,30864924
2024-01-03,38.25,38.25,37.7,37.8,21788140
2024-01-04,37.8,39.3,37.75,38.7,38232279
2024-01-05,38.9,40.6,38.7,40.6,75799676
2024-01-08,41.5,42.6,40.0,42.6,92602484
2024-01-09,43.25,44.0,41.5,43.55,103582158
2024-01-10,44.1,44.2,42.3,43.55,54417493
2024-01-11,43.9,44.0,42.7,43.6,48037394
2024-01-12,43.8,45.4,43.15,44.9,88210161
2024-01-15,45.2,45.7,43.7,43.85,73414515
2024-01-16,44.0,44.2,41.65,42.05,73662300
2024-01-17,41.5,42.65,40.35,40.9,62350656
2024-01-18,40.9,42.9,40.1,42.9,77361249
2024-01-19,43.5,44.45,41.45,41.85,118653572
2024-01-20,42.0,42.45,41.25,41.8,39948658
2024-01-23,42.5,43.0,40.2,41.15,61821069
2024-01-24,41.6,41.6,40.35,41.2,33524849
2024-01-25,41.65,43.0,40.9,42.55,53839790
2024-01-29,43.0,43.85,42.55,43.25,64987571
2024-01-30,43.5,44.85,42.75,43.8,88270852
2024-01-31,44.4,45.95,44.2,45.95,145374835
2024-02-01,47.3,48.2,47.0,48.2,195541083
2024-02-02,49.9,50.6,48.0,48.6,219513812
2024-02-05,49.6,50.0,47.5,48.25,112297989
2024-02-06,48.8,48.8,47.2,48.0,53168885
2024-02-07,48.2,49.95,48.2,49.25,64866228
2024-02-08,49.5,49.75,48.5,49.35,53850076
2024-02-09,49.35,49.4,46.9,47.35,90732188
2024-02-12,47.95,48.2,45.0,45.0,65398403
2024-02-13,43.65,44.65,42.75,43.9,135410453
2024-02-14,42.45,46.05,42.05,46.05,59861806
2024-02-15,46.95,47.75,46.5,47.05,44781950
2024-02-16,47.7,47.7,46.0,46.85,23858185
2024-02-19,47.5,47.6,46.05,46.15,19476010
2024-02-20,46.65,46.85,45.6,45.8,20108565
2024-02-21,45.95,46.0,43.75,44.75,30440623
2024-02-22,44.85,45.3,43.8,44.8,23276564
2024-02-23,45.15,45.6,44.8,44.9,25286705
2024-02-26,45.75,45.75,43.35,43.75,30050547
2024-02-27,44.2,45.0,43.5,44.55,22624252
2024-02-28,44.6,44.65,42.35,43.2,36887600
2024-02-29,43.0,45.35,41.05,45.25,117200579
2024-03-01,45.6,46.0,44.1,44.3,22093410
2024-03-02,44.5,44.5,43.5,43.95,5069403
2024-03-04,42.8,43.8,41.75,42.8,55074786
2024-03-05,41.65,41.65,40.7,40.7,53278004
2024-03-06,39.0,39.0,38.7,38.7,29049668
2024-03-07,37.2,40.6,37.2,40.6,58288425
2024-03-11,41.5,42.0,39.0,39.35,39527748
2024-03-12,39.35,40.0,37.4,39.3,47404379
2024-03-13,38.5,39.3,37.35,37.35,38160910
2024-03-14,35.5,39.2,35.5,39.05,67013191
2024-03-15,39.0,40.0,37.5,39.4,144957453
2024-03-18,38.85,38.9,37.7,38.55,22647157
2024-03-19,38.4,38.4,36.8,37.15,20548501
2024-03-20,37.15,37.7,35.6,36.3,26893468
2024-03-21,37.0,38.1,36.5,37.3,54916534
2024-03-22,37.0,37.95,36.35,37.35,17891396
2024-03-26,37.5,37.65,36.8,37.1,25064700
2024-03-27,37.4,38.95,37.1,38.5,92336818
2024-03-28,39.0,40.4,38.6,40.4,44688873
2024-04-01,39.95,41.75,38.4,41.35,32553386
2024-04-02,41.8,43.0,40.4,42.5,31126883
2024-04-03,42.5,43.55,41.6,43.5,28078702
2024-04-04,44.5,44.6,42.7,42.95,30712841
2024-04-05,43.0,43.0,42.0,42.65,15830518
2024-04-08,43.15,43.15,41.4,41.5,20072402
2024-04-09,41.5,42.5,40.8,40.9,20548936
2024-04-10,41.15,42.65,41.1,42.15,28693252
2024-04-12,42.15,42.75,41.8,42.15,37205677
2024-04-15,40.05,41.2,40.05,40.75,37643079
2024-04-16,39.85,41.25,39.55,40.5,20994202
2024-04-18,41.0,41.7,40.7,41.15,23917024
2024-04-19,40.45,40.7,39.1,39.35,54049625
2024-04-22,38.85,41.3,38.6,40.85,62114928
2024-04-23,41.0,42.1,40.55,41.85,69215858
2024-04-24,41.9,42.5,41.45,41.8,34252835
2024-04-25,42.2,42.3,41.25,42.15,22866483
2024-04-26,42.05,42.15,41.25,41.65,18201395
2024-04-29,41.85,42.0,41.4,41.6,17815539
2024-04-30,41.95,42.1,41.0,41.6,30499261
2024-05-02,41.6,42.05,41.05,41.7,31530269
2024-05-03,42.0,42.3,41.05,41.35,23725164
2024-05-06,42.0,42.0,40.4,40.8,17232143
2024-05-07,40.75,40.8,39.0,39.75,27831110
2024-05-08,39.75,40.2,39.05,39.95,24940794
2024-05-09,40.0,40.4,39.45,39.6,21071854
2024-05-10,39.85,40.1,39.0,39.9,14667345
2024-05-13,39.9,39.9,37.9,39.0,23030136
2024-05-14,39.05,40.75,39.05,40.2,15680138
2024-05-15,40.4,42.2,40.05,42.2,42747507
2024-05-16,42.5,43.0,41.75,42.8,36344580
2024-05-17,42.8,42.95,42.1,42.6,24116415
2024-05-18,42.6,43.05,42.3,42.5,6823410
2024-05-21,42.5,44.2,41.9,44.05,45615167
2024-05-22,44.5,46.25,42.95,46.0,80221850
2024-05-23,46.4,48.3,45.7,48.3,90528423
2024-05-24,49.0,49.0,45.9,45.95,53070069
2024-05-27,45.25,46.7,45.0,45.2,38521150
2024-05-28,45.5,45.85,43.4,43.95,26264263
2024-05-29,43.9,46.1,43.55,46.1,30979346
2024-05-30,46.3,46.9,44.5,45.4,31288700
2024-05-31,45.7,47.65,44.3,47.65,115665511
2024-06-03,50.0,50.0,50.0,50.0,62876628
2024-06-04,52.1,52.1,47.5,47.5,123854100
2024-06-05,45.15,49.8,45.15,48.45,81272335
2024-06-06,49.45,50.5,48.5,49.8,49163158
2024-06-07,50.0,50.45,49.0,49.9,30336425
2024-06-10,47.4,48.63,47.4,47.4,90220734
2024-06-11,47.4,49.29,47.02,48.26,47583387
2024-06-12,48.51,50.5,48.4,50.28,87422931
2024-06-13,50.5,50.5,49.29,49.87,48465602
2024-06-14,50.0,51.19,49.1,49.48,85029862
2024-06-18,49.6,50.29,48.85,49.96,49874657
2024-06-19,50.19,50.28,48.75,48.9,26139387
2024-06-20,51.34,51.34,49.55,50.53,99070183
2024-06-21,51.2,53.05,51.0,53.05,143678671
2024-06-24,55.45,55.7,54.15,54.7,149419809
2024-06-25,55.15,55.5,53.32,53.6,63723030
2024-06-26,53.6,54.37,52.3,52.76,52438770
2024-06-27,53.05,54.0,51.5,53.28,52502181
2024-06-28,53.9,54.0,52.71,52.86,38744898
2024-07-01,53.2,53.28,52.59,52.93,25423991
2024-07-02,53.0,53.38,52.43,53.03,24502330
2024-07-03,53.1,53.95,53.0,53.53,29907631
2024-07-04,53.6,55.67,53.37,54.03,63199465
2024-07-05,54.37,56.49,53.8,55.49,96909661
2024-07-08,55.95,56.0,54.5,55.2,54588551
2024-07-09,55.3,55.84,53.86,55.37,33858415
2024-07-10,55.67,56.0,53.9,54.89,37727227
2024-07-11,55.0,55.0,54.2,54.72,26061094
2024-07-12,55.0,55.43,53.65,54.63,37499020
2024-07-15,55.0,55.0,54.02,54.62,27141448
2024-07-16,54.9,56.0,54.43,55.88,76577863
2024-07-18,55.5,55.72,53.82,55.39,68196637
2024-07-19,55.38,55.87,53.82,54.55,52178598
2024-07-22,54.66,55.44,53.5,55.08,47805246
2024-07-23,57.2,57.83,54.0,57.83,281887693
2024-07-24,59.7,60.72,59.63,60.72,90757700
2024-07-25,62.29,63.75,60.8,61.47,170325709
2024-07-26,62.68,63.0,61.0,61.89,67858407
2024-07-29,62.95,64.98,62.38,64.98,97886927
2024-07-30,65.81,68.22,65.63,68.22,114489676
2024-07-31,70.11,70.89,68.28,69.38,131539602
2024-08-01,69.93,70.99,66.22,67.98,134824650
2024-08-02,67.8,71.37,67.05,71.35,131096033
2024-08-05,69.9,71.64,67.78,67.85,209904382
2024-08-06,68.75,70.85,65.6,66.27,96665562
2024-08-07,69.0,69.58,68.11,69.58,65576822
2024-08-08,71.0,73.05,70.58,72.92,212956025
2024-08-09,74.6,76.56,73.0,76.54,142611445
2024-08-12,77.15,80.36,74.65,80.36,131256497
2024-08-13,81.97,84.29,78.35,80.79,193725637
2024-08-14,82.19,82.41,76.75,76.77,141960840
2024-08-16,77.95,80.5,74.12,79.95,155613726
2024-08-19,80.64,82.45,79.21,80.71,96552950
2024-08-20,81.31,81.58,78.5,79.43,54449596
2024-08-21,79.4,80.15,78.61,78.85,38869576
2024-08-22,79.23,79.59,77.3,77.57,41519353
2024-08-23,77.7,80.5,77.7,78.84,67410388
2024-08-26,79.34,79.79,75.66,76.4,57918809
2024-08-27,77.24,78.3,76.6,77.5,32622346
2024-08-28,77.95,79.73,77.66,78.96,47724768
2024-08-29,78.67,78.69,76.2,77.0,41938870
2024-08-30,77.3,77.58,75.12,75.84,63934257
2024-09-02,75.84,76.1,72.5,73.81,71966033
2024-09-03,73.81,76.37,73.54,74.47,49347993
2024-09-04,74.4,74.9,73.3,74.16,28321394
2024-09-05,75.7,77.09,74.66,76.0,56483144
2024-09-06,76.75,77.35,74.51,74.72,43635971
2024-09-09,75.28,77.28,72.82,74.34,87247821
2024-09-10,75.83,78.05,75.34,78.05,144759489
2024-09-11,79.34,81.95,79.1,81.95,121404214
2024-09-12,86.0,86.04,80.41,81.7,186025037
2024-09-13,82.14,84.5,80.8,83.11,82750388
2024-09-16,83.88,85.85,83.66,84.7,67945786
2024-09-17,85.18,85.4,80.57,82.0,61029140
2024-09-18,82.2,82.98,80.52,80.82,37668180
2024-09-19,81.89,83.0,78.0,80.97,60446356
2024-09-20,82.24,84.0,81.31,83.45,74313107
2024-09-23,84.19,84.99,82.7,82.89,35307207
2024-09-24,83.0,84.2,82.32,83.79,34414038
2024-09-25,83.7,83.7,82.5,82.96,27040040
2024-09-26,82.95,83.36,81.5,81.84,24929699
2024-09-27,81.75,82.77,80.5,81.09,42523359
2024-09-30,80.8,81.58,79.37,80.05,42376466
2024-10-01,80.3,81.53,79.5,79.74,27494973
2024-10-03,76.74,78.6,75.75,75.75,79766127
2024-10-04,74.85,76.65,72.22,74.67,77974009
2024-10-07,75.64,76.49,70.93,70.93,76807728
2024-10-08,68.1,74.2,66.1,73.64,135896990
2024-10-09,74.59,80.6,74.55,76.69,136134618
2024-10-10,77.5,77.89,74.67,75.44,71016473
2024-10-11,75.75,76.07,74.25,74.39,32799505
2024-10-14,74.65,75.0,73.75,74.01,24979009
2024-10-15,74.1,74.24,72.15,73.71,42418804
2024-10-16,73.71,75.65,73.52,75.05,47156496
2024-10-17,75.39,75.45,72.4,73.01,32194681
2024-10-18,72.9,73.35,71.1,72.19,36018706
2024-10-21,72.49,72.77,70.3,70.63,27026007
2024-10-22,70.59,71.3,67.5,68.56,67732028
2024-10-23,67.3,69.94,66.1,68.85,55215451
2024-10-24,69.08,71.14,68.4,69.15,35058205
2024-10-25,69.88,70.3,66.0,67.47,49452859
2024-10-28,68.0,72.6,66.14,70.84,81820533
2024-10-29,72.75,73.5,66.82,68.87,129971042
2024-10-30,68.99,69.63,67.56,68.13,52761387
2024-10-31,67.96,68.44,66.7,66.95,41454018
2024-11-01,67.3,68.4,67.2,68.14,14965199
2024-11-04,68.19,68.24,65.2,66.32,55381082
2024-11-05,66.3,68.25,65.53,67.37,45626050
2024-11-06,68.0,69.85,67.42,69.32,50008246
2024-11-07,69.45,69.45,66.44,66.8,49354800
2024-11-08,66.59,66.59,61.84,62.5,86095752
2024-11-11,61.5,63.14,58.56,62.16,128104971
2024-11-12,62.16,62.87,59.1,59.39,67563924
2024-11-13,58.0,59.28,53.45,54.03,194511406
2024-11-14,54.03,56.73,53.65,56.73,56957801
2024-11-18,59.45,59.56,56.8,59.26,119110598
2024-11-19,60.5,62.22,59.42,62.22,74476083
2024-11-21,63.9,65.33,63.5,65.33,131579845
2024-11-22,66.8,68.33,64.6,65.22,130345329
2024-11-25,67.0,67.5,63.71,64.23,123922270
2024-11-26,64.64,64.85,63.3,63.57,35463228
2024-11-27,63.88,64.29,62.71,63.59,37152591
2024-11-28,63.69,65.5,62.9,63.73,42559541
2024-11-29,63.9,64.22,62.41,62.98,54815057
2024-12-02,63.11,66.12,62.28,66.12,61128869
2024-12-03,66.79,67.3,65.0,65.4,91100475
2024-12-04,65.9,68.45,65.34,67.72,97607170
2024-12-05,68.2,68.8,66.88,68.26,56295912
2024-12-06,68.0,68.39,67.28,67.39,38528682
2024-12-09,67.38,67.8,66.4,67.36,34635931
2024-12-10,67.3,67.36,65.86,66.55,29542425
2024-12-11,66.42,67.2,65.85,66.12,32530712
2024-12-12,65.61,66.43,64.86,65.7,33619161
2024-12-13,65.5,67.68,65.26,66.2,47952699
2024-12-16,67.5,68.62,66.16,66.36,56788124
2024-12-17,66.36,69.67,66.21,69.56,188345914
2024-12-18,69.8,70.18,67.37,67.95,68899550
2024-12-19,66.5,68.58,66.2,67.05,56237783
2024-12-20,67.55,67.79,63.95,64.13,55042543
2024-12-23,65.16,65.16,63.28,63.86,30077026
2024-12-24,63.98,65.38,63.77,64.87,24810689
2024-12-26,64.99,65.15,63.87,64.34,19522002
2024-12-27,64.5,64.73,63.0,63.25,20617504
2024-12-30,63.19,63.89,61.11,61.42,50198161
2024-12-31,61.49,62.42,61.06,62.22,34983814
2025-01-01,62.64,65.33,62.07,65.33,62229972
2025-01-02,65.0,65.1,62.55,62.92,67889756
2025-01-03,63.0,63.25,61.8,61.95,42686992
2025-01-06,62.05,62.12,58.85,58.85,62445389
2025-01-07,58.06,61.79,58.06,60.88,59115926
2025-01-08,60.8,61.0,59.0,60.03,37159538
2025-01-09,60.34,60.35,57.65,57.88,35053006
2025-01-10,58.0,58.15,55.5,55.57,64397011
2025-01-13,54.5,57.0,53.98,54.45,92083914
2025-01-14,55.2,57.17,55.11,57.17,41045252
2025-01-15,57.17,59.8,56.81,57.26,65243228
2025-01-16,58.76,59.19,56.7,56.87,39797323
2025-01-17,57.0,57.39,55.94,56.84,41806502
2025-01-20,57.52,58.79,56.26,58.09,49547406
2025-01-21,58.35,58.47,56.35,57.43,33972001
2025-01-22,57.43,57.84,54.55,55.12,48986568
2025-01-23,55.12,56.64,54.19,54.31,49582278
2025-01-24,54.9,54.99,52.15,52.54,64210167
2025-01-27,52.4,52.48,49.91,50.23,66288203
2025-01-28,50.59,51.59,47.81,50.26,86563217
2025-01-29,52.77,52.77,52.77,52.77,13990368
2025-01-30,55.4,55.4,55.4,55.4,10961611
2025-01-31,57.0,58.17,56.55,58.17,111500110
2025-02-01,60.5,61.07,56.51,58.16,168912946
2025-02-03,57.78,59.1,55.41,56.37,93425367
2025-02-04,57.19,57.98,55.96,56.92,42367489
2025-02-05,57.24,57.77,55.77,55.9,37787329
2025-02-06,55.91,56.38,54.55,54.92,31769107
2025-02-07,54.97,55.08,52.92,53.61,38821987
2025-02-10,53.39,54.39,52.31,52.72,31170558
2025-02-11,52.85,53.05,50.32,51.99,49471491
2025-02-12,51.99,52.99,49.05,52.4,69163693
2025-02-13,52.81,53.95,52.29,53.35,41607228
2025-02-14,53.55,53.88,50.45,51.14,45983899
2025-02-17,51.0,51.69,49.5,51.42,46742293
2025-02-18,51.0,51.35,49.49,50.64,38970008
2025-02-19,50.3,55.28,49.84,54.16,71927816
2025-02-20,54.0,55.35,53.25,54.88,38873355
2025-02-21,54.9,56.3,54.3,55.17,56799902
2025-02-24,54.6,54.7,53.45,54.29,43162800
2025-02-25,54.29,55.08,54.27,54.58,21791959
2025-02-27,54.64,54.94,51.75,52.13,39073334
2025-02-28,51.21,51.9,49.51,49.71,93211241
2025-03-03,50.05,51.19,46.6,49.78,108578059
2025-03-04,48.85,51.49,48.52,50.11,67731679
2025-03-05,50.6,52.05,50.51,51.49,72632328
2025-03-06,52.69,52.89,51.72,52.1,56090540
2025-03-07,51.99,56.94,51.6,54.92,106855231
2025-03-10,55.11,56.79,52.76,53.24,81450055
2025-03-11,52.02,54.15,51.63,53.76,58522186
2025-03-12,54.06,54.45,52.77,53.85,48314005
2025-03-13,54.35,55.0,53.62,54.58,43837645
2025-03-17,54.74,56.5,54.25,54.5,54133951
2025-03-18,55.35,55.55,54.76,54.98,42339442
2025-03-19,55.39,58.0,55.34,57.76,79465967
2025-03-20,58.9,59.4,56.68,58.39,51729766
2025-03-21,58.38,58.65,55.94,56.5,104724888
2025-03-24,57.69,58.36,57.05,57.91,58367956
2025-03-25,58.46,59.48,57.05,57.65,66615843
2025-03-26,57.9,58.63,56.3,57.43,52250161
2025-03-27,57.11,57.94,56.44,57.01,49678644
2025-03-28,57.36,58.4,56.4,56.66,43376048
2025-04-01,55.5,56.98,55.11,55.75,40810312
2025-04-02,55.84,57.74,54.36,57.43,49530064
2025-04-03,56.21,57.82,56.2,57.49,42914792
2025-04-04,57.49,57.5,54.66,55.36,51863551
2025-04-07,46.9,53.1,46.15,52.12,81905901
2025-04-08,54.34,54.34,52.73,53.08,40949448
2025-04-09,53.07,53.76,51.01,51.21,50850121
2025-04-11,53.96,53.96,52.16,53.0,49591603
2025-04-15,54.88,55.66,53.91,54.37,58941572
2025-04-16,54.51,54.89,53.85,54.34,34690956
2025-04-17,54.33,55.72,54.01,55.07,54279879
2025-04-21,55.55,61.1,55.5,60.29,169658526
2025-04-22,60.95,61.58,59.02,59.27,89155646
2025-04-23,59.68,60.17,58.13,59.99,97968387
2025-04-24,60.0,61.49,59.72,60.11,97850644
2025-04-25,60.31,60.45,56.72,58.3,104362729
2025-04-28,57.5,58.49,57.0,57.78,50641247
2025-04-29,58.0,59.5,57.35,57.7,51629064
2025-04-30,57.7,57.9,56.0,56.4,55507075
2025-05-02,56.16,56.99,55.86,56.25,42139460
2025-05-05,56.5,57.25,56.35,56.92,30173749
2025-05-06,57.0,57.49,53.42,53.74,59698908
2025-05-07,52.4,55.18,52.4,54.7,100831859
2025-05-08,55.5,55.98,52.8,53.15,65062799
2025-05-09,51.25,53.0,51.1,52.67,68598385
2025-05-12,56.24,57.4,55.24,56.95,89597903
2025-05-13,57.2,58.17,56.71,57.6,55623455
2025-05-14,57.9,60.4,57.4,59.92,97734016
2025-05-15,60.4,61.77,60.1,61.22,79989466
2025-05-16,61.6,62.13,60.35,61.08,77800547
2025-05-19,61.21,62.6,61.12,61.53,53353255
2025-05-20,61.95,62.19,60.1,60.35,64416562
2025-05-21,60.2,61.65,59.35,61.28,57916922
2025-05-22,61.0,61.72,60.35,61.01,43220436
2025-05-23,61.45,62.9,60.66,62.21,90698519
2025-05-26,62.83,65.95,62.74,64.37,127004476
2025-05-27,64.9,66.0,63.61,65.39,125848116
2025-05-28,65.71,68.5,65.51,66.32,162393521
2025-05-29,67.19,67.61,64.75,65.42,106020315
2025-05-30,71.5,74.3,70.55,71.48,547640042
2025-06-02,72.2,73.5,70.71,71.19,173588228
2025-06-03,71.7,72.4,67.9,68.15,166631797
2025-06-04,68.35,68.58,66.5,66.72,125734824
2025-06-05,67.0,68.6,66.5,66.77,116558636
2025-06-06,67.4,67.5,66.1,66.71,75950376
2025-06-09,67.75,68.3,67.0,67.13,110914040
2025-06-10,67.83,69.5,66.8,68.29,158113094
2025-06-11,68.6,69.4,67.12,67.59,99916334
2025-06-12,67.75,67.89,65.5,65.68,91116082
2025-06-13,64.19,65.48,63.32,64.73,90307455
2025-06-16,64.5,65.8,63.16,65.41,82798745
2025-06-17,65.41,65.87,64.11,64.52,62347373
2025-06-18,64.52,65.24,63.81,64.07,49246678
2025-06-19,64.0,64.4,61.76,62.53,90679408
2025-06-20,62.56,64.48,62.42,63.23,155351419
2025-06-23,62.6,63.2,62.05,62.79,48152988
2025-06-24,63.7,64.67,63.26,64.39,84498836
2025-06-25,64.9,64.9,63.91,64.32,51596980
2025-06-26,64.54,65.57,64.08,64.53,63684828
2025-06-27,64.8,67.7,64.45,67.32,157324744
2025-06-30,67.65,68.17,66.5,67.72,100164317
2025-07-01,67.72,68.12,67.01,67.2,49316098
2025-07-02,67.38,67.52,64.4,64.95,72607226
